tags,count
bnb-chain,54
vbc-ventures-portfolio,17
gaming,11
"collectibles-nfts,gaming,metaverse,play-to-earn",10
"gaming,play-to-earn",9
"collectibles-nfts,gaming,bnb-chain",8
"collectibles-nfts,defi,staking,binance-chain,launchpad,token",8
"gaming,metaverse,trustswap-launchpad,bnb-chain",8
"collectibles-nfts,gaming,binance-smart-chain,bullperks-launchpad",8
bullperks-launchpad,7
metaverse,7
"launchpad,polygon-ecosystem",6
genpad,6
okex-blockdream-ventures-portfolio,6
dao-maker,6
"collectibles-nfts,gaming,entertainment,binance-smart-chain,governance,play-to-earn,gaming-guild,bnb-chain",6
"collectibles-nfts,poolz-finance-portfolio",5
"defi,poolz-finance-portfolio,exnetwork-capital-portfolio",5
"collectibles-nfts,bnb-chain",5
"ai-big-data,ethereum-ecosystem,binance-smart-chain,analytics,telegram-bot",5
"okex-blockdream-ventures-portfolio,bnb-chain",5
ai-big-data,5
"collectibles-nfts,defi,gaming,bnb-chain",5
"binance-launchpool,coinbase-ventures-portfolio,binance-labs-portfolio,electric-capital-portfolio,a16z-portfolio,layer-1",4
"collectibles-nfts,gaming,play-to-earn,launchzone,vbc-ventures-portfolio,bnb-chain",4
"collectibles-nfts,gaming,ethereum-ecosystem,polkadot,yield-farming,launchzone,bnb-chain",4
"collectibles-nfts,gaming,ethereum-ecosystem,metaverse,play-to-earn",4
"ai-big-data,binance-smart-chain,generative-ai,telegram-bot",4
"collectibles-nfts,gaming,entertainment,play-to-earn",4
"cybersecurity,bnb-chain",4
"hardware,distributed-computing",4
collectibles-nfts,4
"yield-farming,solana-ecosystem,ftx-bankruptcy-estate",4
solrazr-launchpad,3
"decentralized-exchange-dex-token,staking,lending-borowing,exnetwork-capital-portfolio,okex-blockdream-ventures-portfolio",3
"genpad,bnb-chain",3
"defi,dapp,solana-ecosystem,lending-borowing,solrazr-launchpad",3
"launchpad,bullperks-launchpad,bnb-chain",3
sports,3
"defi,dao,dapp,trustswap-launchpad,bnb-chain",3
"collectibles-nfts,gaming,governance,solana-ecosystem,play-to-earn,okex-blockdream-ventures-portfolio,solrazr-launchpad",3
"collectibles-nfts,gaming,polkafoundry-red-kite,icetea-labs",3
"collectibles-nfts,gaming,metaverse,polkafoundry-red-kite,play-to-earn,vbc-ventures-portfolio,okex-blockdream-ventures-portfolio",3
arbitrum-ecosytem,3
"gaming,play-to-earn,bnb-chain",3
"collectibles-nfts,gaming,entertainment,ethereum-ecosystem,metaverse,play-to-earn,okex-blockdream-ventures-portfolio",3
"collectibles-nfts,gaming,entertainment,mobile,polkafoundry-red-kite",3
"gaming,play-to-earn,bullperks-launchpad",3
"collectibles-nfts,gaming,play-to-earn",3
kommunitas-launchpad,3
"gaming,play-to-earn,magnus-capital-portfolio",3
"gaming,metaverse,web3",3
ferrum-network,3
"gaming,avalanche-ecosystem,metaverse,duckstarter",3
"animoca-brands-portfolio,skyvision-capital-portfolio,okex-blockdream-ventures-portfolio",3
"mvb,bnb-chain",3
"gaming,entertainment,dao-maker,polkafoundry-red-kite,play-to-earn,icetea-labs,farastarter,moon-knight-labs,bnb-chain",3
"collectibles-nfts,gaming",3
"sports,fan-token,binance-launchpad,soccer",3
"ethereum-ecosystem,substrate,polkadot-ecosystem,fantom-ecosystem,okex-blockdream-ventures-portfolio,bnb-chain",3
move-to-earn,3
"collectibles-nfts,gaming,icetea-labs,bnb-chain",3
"defi,duckstarter,bnb-chain",3
avalanche-ecosystem,3
"asset-management,defi,duckstarter,poolz-finance-portfolio",3
"bullperks-launchpad,kommunitas-launchpad",3
"bounce-launchpad,arbitrum-ecosytem,mvb,okex-blockdream-ventures-portfolio,bnb-chain,optimism-ecosystem",3
"enterprise-solutions,arrington-xrp-capital-portfolio,hashkey-capital-portfolio,web3,okex-blockdream-ventures-portfolio",3
poolz-finance-portfolio,3
"moonriver-ecosystem,bnb-chain",3
"gaming,play-to-earn,vbc-ventures-portfolio",3
"solana-ecosystem,cms-holdings-portfolio,alameda-research-portfolio,web3,ftx-bankruptcy-estate",3
"substrate,binance-labs-portfolio,polkastarter,dao-maker,arrington-xrp-capital-portfolio,okex-blockdream-ventures-portfolio",3
binance-smart-chain,3
"gaming,polkafoundry-red-kite,play-to-earn,icetea-labs",2
"gaming,avalanche-ecosystem,metaverse,ferrum-network",2
"ai-big-data,defi,privacy,duckstarter,poolz-finance-portfolio,polygon-ecosystem,bounce-launchpad,web3,vbc-ventures-portfolio,okex-blockdream-ventures-portfolio,bnb-chain",2
"collectibles-nfts,poolz-finance-portfolio,bounce-launchpad",2
"collectibles-nfts,wallet,hacken-foundation,fantom-ecosystem,nftb-launchpad,bnb-chain",2
"collectibles-nfts,defi,dex,cross-chain,vbc-ventures-portfolio,bnb-chain",2
"collectibles-nfts,gaming,metaverse,poolz-finance-portfolio,play-to-earn,oxbull",2
"oracles,dao-maker",2
"vbc-ventures-portfolio,kommunitas-launchpad",2
"collectibles-nfts,gaming,binance-launchpool,metaverse,chromia-ecosystem,play-to-earn,animoca-brands-portfolio",2
"marketplace,collectibles-nfts,e-commerce,payments,metaverse,exnetwork-capital-portfolio,play-to-earn,real-world-assets",2
"polkastarter,exnetwork-capital-portfolio,polygon-ecosystem,vbc-ventures-portfolio,spartan-group,injective-ecosystem",2
"gaming,polygon-ecosystem,play-to-earn",2
"store-of-value,decentralized-exchange-dex-token,defi,amm,three-arrows-capital-portfolio,governance,lending-borowing,cardano-ecosystem,cardano",2
"collectibles-nfts,defi,bnb-chain",2
"polkadot-ecosystem,launchpad,duckstarter,polkafoundry-red-kite,icetea-labs,vbc-ventures-portfolio",2
"defi,ethereum-ecosystem,lending-borowing,exnetwork-capital-portfolio,bnb-chain",2
"animoca-brands-portfolio,move-to-earn",2
"ai-big-data,defi,ethereum-ecosystem,polkastarter,polygon-ecosystem,bnb-chain",2
"defi,derivatives,options",2
"collectibles-nfts,gaming,play-to-earn,moon-knight-labs",2
"gaming,entertainment,play-to-earn",2
"duckstarter,poolz-finance-portfolio",2
"ethereum-ecosystem,substrate,polkadot,polkadot-ecosystem,real-world-assets",2
"cybersecurity,distributed-computing,duckstarter,poolz-finance-portfolio,hacken-foundation,bnb-chain",2
"marketplace,collectibles-nfts,solana-ecosystem,alameda-research-portfolio,petrock-capital-portfolio,animoca-brands-portfolio",2
"gaming,okex-blockdream-ventures-portfolio",2
"ethereum-ecosystem,bnb-chain",2
"asset-management,defi,polkastarter",2
hospitality,2
"defi,dao,launchpad,duckstarter,poolz-finance-portfolio,bnb-chain",2
"media,metaverse,bnb-chain",2
"music,algorand-ecosystem,trustswap-launchpad,spartan-group,real-world-assets",2
"solana-ecosystem,okex-blockdream-ventures-portfolio",2
"asset-management,defi,solana-ecosystem,alameda-research-portfolio,skyvision-capital-portfolio",2
"cybersecurity,cosmos-ecosystem,ai-big-data,privacy,zero-knowledge-proofs,identity,oracles,ethereum-ecosystem,binance-smart-chain,analytics,polygon-ecosystem,near-protocol-ecosystem",2
"zero-knowledge-proofs,scaling,layer-2,rollups,okex-blockdream-ventures-portfolio,metisdao-ecosystem",2
"collectibles-nfts,gaming,metaverse,play-to-earn,animoca-brands-portfolio,bnb-chain,animal-racing",2
"defi,staking,ethereum-ecosystem,yield-farming,yield-aggregator,lending-borowing,metaverse,bnb-chain",2
"duckstarter,bnb-chain",2
"vbc-ventures-portfolio,bnb-chain",2
"defi,yield-farming,synthetics,bnb-chain",2
"defi,lending-borowing,real-world-assets",2
"collectibles-nfts,gaming,solana-ecosystem,metaverse,petrock-capital-portfolio,play-to-earn",2
doggone-doggerel,2
"art,marketplace,collectibles-nfts,poolz-finance-portfolio,polkafoundry-red-kite,okex-blockdream-ventures-portfolio",2
"platform,collectibles-nfts,metaverse,dao-maker",2
"defi,oracles,asset-backed-stablecoin,dao,ethereum-ecosystem,substrate,rebase,polkadot-ecosystem,governance,cms-holdings-portfolio,polygon-ecosystem",2
skyvision-capital-portfolio,2
"filesharing,ethereum-ecosystem,storage,polkastarter,web3",2
"gaming,entertainment,polkafoundry-red-kite,play-to-earn,icetea-labs",2
"gaming,polkafoundry-red-kite,play-to-earn,icetea-labs,animoca-brands-portfolio",2
"collectibles-nfts,gaming,polkastarter,bnb-chain",2
"gaming,polkastarter,mvb,animoca-brands-portfolio",2
solana-ecosystem,2
"fan-token,binance-launchpad,bnb-chain",2
"cardano-ecosystem,cardano",2
spartan-group,2
"metaverse,bullperks-launchpad",2
"collectibles-nfts,gaming,metaverse,play-to-earn,bnb-chain",2
e-commerce,2
"marketplace,collectibles-nfts",2
"gaming,metaverse,play-to-earn,kommunitas-launchpad",2
"collectibles-nfts,gaming,governance,play-to-earn,bnb-chain",2
"gaming,entertainment,solana-ecosystem,metaverse,exnetwork-capital-portfolio,play-to-earn,solrazr-launchpad",2
"gaming,metaverse,play-to-earn",2
"gaming,launchzone,bullperks-launchpad",2
"gaming,play-to-earn,kommunitas-launchpad",2
"collectibles-nfts,gaming,solana-ecosystem,play-to-earn,bullperks-launchpad,solrazr-launchpad",2
"collectibles-nfts,gaming,avalanche-ecosystem",2
"collectibles-nfts,gaming,polygon-ecosystem",2
"collectibles-nfts,gaming,metaverse,play-to-earn,ferrum-network",2
"entertainment,dao,binance-smart-chain,governance,metaverse",1
"marketplace,collectibles-nfts,defi,gaming,smart-contracts,yield-farming,governance,dao-maker,bnb-chain",1
"art,marketplace,collectibles-nfts,ethereum-ecosystem",1
"collectibles-nfts,dao-maker,okex-blockdream-ventures-portfolio",1
"collectibles-nfts,polygon-ecosystem,web3,bnb-chain",1
"oracles,smart-contracts,substrate,polkadot-ecosystem,duckstarter",1
"solana-ecosystem,vbc-ventures-portfolio,solrazr-launchpad",1
"vr-ar,collectibles-nfts,gaming,metaverse,play-to-earn,bnb-chain",1
"collectibles-nfts,gaming,binance-smart-chain,governance,trustswap-launchpad",1
"smart-contracts,dapp,okex-blockdream-ventures-portfolio,bnb-chain",1
"dao,ethereum-ecosystem,governance,finance-banking,polkastarter",1
"decentralized-exchange-dex-token,dex,polkadot-ecosystem,polkastarter,okex-blockdream-ventures-portfolio",1
"gaming,binance-smart-chain,trustswap-launchpad,play-to-earn",1
"defi,staking,dapp,yield-farming,binance-smart-chain",1
"duckstarter,poolz-finance-portfolio,bnb-chain",1
"substrate,polkadot,okex-blockdream-ventures-portfolio",1
polkadot-ecosystem,1
"collectibles-nfts,crowdfunding,defi,polkastarter,okex-blockdream-ventures-portfolio,bnb-chain",1
cardano-ecosystem,1
"platform,services,defi,interoperability,dao,ethereum-ecosystem,governance,binance-labs-portfolio,polkastarter,polygon-ecosystem,web3",1
"duckstarter,ferrum-network",1
"defi,zero-knowledge-proofs,ethereum-ecosystem,dex,layer-2",1
"collectibles-nfts,gaming,entertainment,dao-maker",1
"defi,dapp,ethereum-ecosystem,governance",1
"defi,binance-launchpool,avalanche-ecosystem,lending-borowing,arrington-xrp-capital-portfolio,spartan-group,liquid-staking-derivatives",1
"collectibles-nfts,gaming,trustswap-launchpad,play-to-earn,bnb-chain",1
"collectibles-nfts,defi,polkastarter",1
"solana-ecosystem,petrock-capital-portfolio,skyvision-capital-portfolio",1
"art,collectibles-nfts,tron-ecosystem",1
"yield-farming,mvb,bnb-chain",1
"defi,substrate,genpad",1
insurance,1
"collectibles-nfts,gaming,trustswap-launchpad,play-to-earn,bullperks-launchpad",1
"collectibles-nfts,gaming,entertainment,metaverse,polkastarter,skyvision-capital-portfolio",1
"communications-social-media,collectibles-nfts,content-creation",1
"collectibles-nfts,gaming,solana-ecosystem,trustswap-launchpad,play-to-earn,web3",1
"exnetwork-capital-portfolio,bnb-chain",1
"collectibles-nfts,gaming,staking,solana-ecosystem,metaverse,magnus-capital-portfolio,cross-chain",1
"ethereum-ecosystem,superstarter,vbc-ventures-portfolio,bnb-chain",1
"binance-smart-chain,solana-ecosystem,cross-chain",1
harmony-ecosystem,1
"defi,insurance",1
"vr-ar,collectibles-nfts,gaming,metaverse,polkastarter,animoca-brands-portfolio,skyvision-capital-portfolio",1
"gaming,binance-smart-chain,metaverse,trustswap-launchpad",1
"collectibles-nfts,poolz-finance-portfolio,bnb-chain",1
"memes,bnb-chain",1
"collectibles-nfts,dao,metaverse,elrond-ecosystem",1
"amm,algorand-ecosystem,arbitrum-ecosytem",1
"distributed-computing,filesharing,storage,superstarter",1
"collectibles-nfts,avalanche-ecosystem,web3",1
derivatives,1
"ai-big-data,defi,poolz-finance-portfolio,exnetwork-capital-portfolio,cross-chain-dex-aggregator",1
"coinbase-ventures-portfolio,spartan-group,okex-blockdream-ventures-portfolio,real-world-assets",1
"avalanche-ecosystem,trustswap-launchpad",1
"defi,spartan-group,real-world-assets,circle-ventures-portfolio",1
bounce-launchpad,1
"launchpad,poolz-finance-portfolio,bnb-chain",1
"collectibles-nfts,gaming,entertainment,dao,binance-launchpool,metaverse,play-to-earn,animoca-brands-portfolio,bnb-chain",1
"oracles,smart-contracts,solana-ecosystem,bnb-chain",1
"collectibles-nfts,polkastarter",1
"decentralized-exchange-dex-token,defi,yield-farming,binance-launchpad,cms-holdings-portfolio,kenetic-capital-portfolio,alameda-research-portfolio,bnb-chain",1
"exnetwork-capital-portfolio,mvb,spartan-group,okex-blockdream-ventures-portfolio",1
"defi,yield-farming,bnb-chain",1
"collectibles-nfts,gaming,polkastarter,polygon-ecosystem,play-to-earn,skyvision-capital-portfolio",1
"cybersecurity,oracles,dao-maker,poolz-finance-portfolio,hacken-foundation,bnb-chain",1
"collectibles-nfts,gaming,metaverse,polkastarter",1
"defi,yield-farming",1
"collectibles-nfts,defi,dao,governance,binance-launchpad,bnb-chain",1
"communications-social-media,collectibles-nfts,content-creation,ethereum-ecosystem,metaverse,polygon-ecosystem,web3,animoca-brands-portfolio,injective-ecosystem,bnb-chain",1
"cosmos-ecosystem,kenetic-capital-portfolio,injective-ecosystem",1
"wallet,binance-launchpad,injective-ecosystem,bnb-chain",1
"marketplace,governance,binance-launchpad,analytics",1
"collectibles-nfts,gaming,binance-launchpad,metaverse,defiance-capital-portfolio,play-to-earn,animoca-brands-portfolio,sec-security-token,alleged-sec-securities",1
"pos,platform,cosmos-ecosystem,ai-big-data,defi,smart-contracts,cosmos,binance-smart-chain,binance-launchpad,binance-labs-portfolio,cms-holdings-portfolio,pantera-capital-portfolio,web3",1
"defi,yield-farming,yield-aggregator,binance-launchpool,defiance-capital-portfolio,alameda-research-portfolio,multicoin-capital-portfolio,spartan-group,injective-ecosystem,bnb-chain,optimism-ecosystem",1
"collectibles-nfts,content-creation,gaming,ethereum-ecosystem,binance-launchpad,metaverse,play-to-earn,animoca-brands-portfolio,sec-security-token,alleged-sec-securities",1
"pos,platform,cosmos-ecosystem,scaling,smart-contracts,staking,dapp,ethereum-ecosystem,binance-smart-chain,rollups,sidechain,binance-launchpad,binance-labs-portfolio,arbitrum-ecosytem,injective-ecosystem,bnb-chain,optimism-ecosystem",1
"centralized-exchange,algorand-ecosystem,binance-launchpad,injective-ecosystem",1
"sports,fan-token,binance-launchpool,soccer",1
binance-launchpad,1
"cosmos-ecosystem,defi,binance-launchpad,binance-labs-portfolio,lending-borowing,arrington-xrp-capital-portfolio,framework-ventures-portfolio,hashkey-capital-portfolio,injective-ecosystem",1
"cosmos-ecosystem,defi,oracles,binance-chain,binance-launchpad,binance-labs-portfolio,solana-ecosystem,polygon-ecosystem,fantom-ecosystem,web3,near-protocol-ecosystem,spartan-group,injective-ecosystem,bnb-chain",1
"binance-launchpad,bnb-chain",1
"oracles,tron-ecosystem,binance-launchpad,binance-labs-portfolio,bnb-chain",1
"binance-launchpad,binance-labs-portfolio,electric-capital-portfolio,exnetwork-capital-portfolio,elrond-ecosystem,injective-ecosystem,bnb-chain,layer-1",1
"platform,enterprise-solutions,scaling,smart-contracts,binance-launchpad,binance-labs-portfolio,hashkey-capital-portfolio,harmony-ecosystem,injective-ecosystem,bnb-chain",1
"pos,platform,enterprise-solutions,zero-knowledge-proofs,scaling,state-channel,coinbase-ventures-portfolio,layer-2,binance-launchpad,binance-labs-portfolio,polygon-ecosystem,moonriver-ecosystem,injective-ecosystem,sec-security-token,alleged-sec-securities",1
"platform,enterprise-solutions,zero-knowledge-proofs,scaling,state-channel,ethereum-ecosystem,substrate,polkadot-ecosystem,binance-launchpad,arrington-xrp-capital-portfolio,pantera-capital-portfolio,arbitrum-ecosytem,bnb-chain",1
"cosmos-ecosystem,ai-big-data,collectibles-nfts,iot,binance-launchpad,web3,injective-ecosystem",1
services,1
"collectibles-nfts,gaming,dao,metaverse,play-to-earn",1
binance-chain,1
"insurance,ethereum-ecosystem,solana-ecosystem,defiance-capital-portfolio,alameda-research-portfolio,polygon-ecosystem",1
"telegram-bot,discord-bots",1
"decentralized-exchange-dex-token,defi,binance-smart-chain,dex",1
"sports,collectibles-nfts,gaming,staking,near-protocol-ecosystem,move-to-earn",1
"collectibles-nfts,bounce-launchpad,okex-blockdream-ventures-portfolio",1
"prediction-markets,duckstarter,bnb-chain",1
"privacy,bulletproofs,zero-knowledge-proofs,staking",1
"defi,stablecoin,algorithmic-stablecoin",1
"dpos,cosmos-ecosystem,defi,liquid-staking-derivatives",1
"centralized-exchange,binance-launchpad,bnb-chain",1
"entertainment,music,social-token,chromia-ecosystem",1
"collectibles-nfts,gaming,ethereum-ecosystem,metaverse,polygon-ecosystem,play-to-earn,bnb-chain",1
"rebase,duckstarter,bnb-chain",1
"education,binance-launchpad",1
"collectibles-nfts,exnetwork-capital-portfolio",1
"identity,algorand-ecosystem,polkastarter,polygon-ecosystem,spartan-group",1
"launchpad,exnetwork-capital-portfolio,bnb-chain",1
"marketplace,collectibles-nfts,aptos-ecosystem",1
"poolz-finance-portfolio,bnb-chain",1
"collectibles-nfts,crowdfunding,entertainment,metaverse,bnb-chain",1
duckstarter,1
"gaming,binance-smart-chain,play-to-earn",1
"defi,smart-contracts,dao-maker,exnetwork-capital-portfolio,polygon-ecosystem,bnb-chain",1
"education,binance-launchpad,animoca-brands-portfolio",1
"dao,substrate,duckstarter,bounce-launchpad,okex-blockdream-ventures-portfolio",1
"decentralized-exchange-dex-token,defi,sui-ecosystem",1
"cosmos-ecosystem,binance-launchpool,arrington-xrp-capital-portfolio,terra-ecosystem,injective-ecosystem",1
"communications-social-media,binance-launchpool,binance-labs-portfolio,multicoin-capital-portfolio,animoca-brands-portfolio,spartan-group",1
"binance-launchpool,pantera-capital-portfolio,spartan-group,circle-ventures-portfolio,jump-crypto,gemini-frontier-fund,shima-capital",1
"asset-management,polkastarter,exnetwork-capital-portfolio,okex-blockdream-ventures-portfolio",1
"collectibles-nfts,gaming,solana-ecosystem,metaverse",1
"marketplace,collectibles-nfts,entertainment",1
"crowdfunding,staking,launchpad,fantom-ecosystem,bullperks-launchpad",1
"art,marketplace,vr-ar,collectibles-nfts,data-provenance,solana-ecosystem",1
"poolz-finance-portfolio,bullperks-launchpad",1
"defi,mobile,payments,yield-farming,bnb-chain",1
"collectibles-nfts,metaverse,genpad",1
"health,collectibles-nfts,animoca-brands-portfolio,skyvision-capital-portfolio,move-to-earn",1
"collectibles-nfts,crowdfunding,yield-farming,polkastarter",1
"defi,real-world-assets",1
"gaming,polkafoundry-red-kite,play-to-earn,icetea-labs,okex-blockdream-ventures-portfolio",1
"avalanche-ecosystem,vbc-ventures-portfolio",1
"collectibles-nfts,gaming,solana-ecosystem,metaverse,play-to-earn,bullperks-launchpad",1
mvb,1
"metaverse,oxbull,kommunitas-launchpad",1
"memes,launchpad",1
"gaming,solana-ecosystem,solrazr-launchpad,kommunitas-launchpad",1
"launchpad,celo-ecosystem",1
"arbitrum-ecosytem,mvb,okex-blockdream-ventures-portfolio",1
"launchzone,vbc-ventures-portfolio",1
"polkafoundry-red-kite,vbc-ventures-portfolio",1
"vr-ar,ethereum-ecosystem,binance-launchpool,solana-ecosystem,metaverse,bullperks-launchpad,animoca-brands-portfolio,skyvision-capital-portfolio",1
"ethereum-ecosystem,polkastarter,pantera-capital-portfolio,vbc-ventures-portfolio,bnb-chain",1
"platform,collectibles-nfts,defi,dapp,launchpad,solana-ecosystem,vbc-ventures-portfolio",1
"gaming,entertainment,polkafoundry-red-kite,play-to-earn,icetea-labs,animoca-brands-portfolio",1
"binance-launchpad,defiance-capital-portfolio,multicoin-capital-portfolio,parafi-capital,spartan-group",1
"metaverse,polkafoundry-red-kite,bullperks-launchpad,animoca-brands-portfolio,oxbull",1
"animoca-brands-portfolio,okex-blockdream-ventures-portfolio",1
"defi,staking,governance,injective-ecosystem,bnb-chain",1
"ethereum-ecosystem,binance-smart-chain,arbitrum-ecosytem,liquid-staking-derivatives",1
"platform,communications-social-media,collectibles-nfts,defi,ethereum-ecosystem,yield-farming,social-token,launchpad,wrapped-tokens,metaverse,huobi-capital-portfolio,web3,bnb-chain",1
"solana-ecosystem,animoca-brands-portfolio,skyvision-capital-portfolio",1
"education,ethereum-ecosystem,cross-chain,bnb-chain",1
"staking,yield-farming,binance-chain,launchpad,launchzone",1
"defi,staking,ethereum-ecosystem,cross-chain-dex-aggregator,olympus-pro-ecosystem,cross-chain",1
"defi,gaming,prediction-markets,play-to-earn,nftb-launchpad",1
"collectibles-nfts,gaming,solana-ecosystem,trustswap-launchpad,play-to-earn,bullperks-launchpad,vbc-ventures-portfolio,kommunitas-launchpad",1
"defi,gaming,solana-ecosystem,animoca-brands-portfolio",1
fantom-ecosystem,1
"platform,gaming,play-to-earn",1
"defi,gaming,staking,yield-farming,binance-smart-chain,launchpad,polygon-ecosystem",1
"collectibles-nfts,staking,dapp,governance",1
"collectibles-nfts,gaming,binance-launchpad,play-to-earn",1
"collectibles-nfts,gaming,dao-maker,polkafoundry-red-kite,bullperks-launchpad",1
"sports,fan-token,binance-launchpad",1
"staking,governance,avalanche-ecosystem,finance-banking,lending-borowing,cardano-ecosystem",1
"binance-smart-chain,elrond-ecosystem",1
"defi,gaming,play-to-earn,vbc-ventures-portfolio,bnb-chain",1
"collectibles-nfts,metaverse,play-to-earn,vbc-ventures-portfolio,bnb-chain",1
"ai-big-data,collectibles-nfts,gaming,metaverse,play-to-earn,animoca-brands-portfolio,okex-blockdream-ventures-portfolio",1
"dao-maker,web3,bnb-chain",1
"ai-big-data,collectibles-nfts,gaming,dao,metaverse,play-to-earn,animoca-brands-portfolio,vbc-ventures-portfolio",1
"vr-ar,gaming,entertainment,metaverse,polkafoundry-red-kite,icetea-labs,vbc-ventures-portfolio,okex-blockdream-ventures-portfolio",1
"collectibles-nfts,dao,solana-ecosystem",1
"ethereum-ecosystem,binance-smart-chain,okex-blockdream-ventures-portfolio",1
"collectibles-nfts,zero-knowledge-proofs,gaming,scaling,layer-2,rollups,arrington-xrp-capital-portfolio,alameda-research-portfolio",1
"gaming,launchzone,bnb-chain",1
wallet,1
"gaming-guild,okex-blockdream-ventures-portfolio",1
"gaming,avalanche-ecosystem,play-to-earn,skyvision-capital-portfolio",1
"collectibles-nfts,gaming,governance,metaverse,bnb-chain",1
"defi,solana-ecosystem,lending-borowing",1
"asset-management,defi,derivatives,chromia-ecosystem",1
"coinbase-ventures-portfolio,web3",1
"substrate,polkadot,bnb-chain",1
"petrock-capital-portfolio,spartan-group",1
"collectibles-nfts,gaming,bounce-launchpad,bnb-chain",1
"defi,solana-ecosystem,circle-ventures-portfolio",1
"gaming,solana-ecosystem,huobi-capital-portfolio,exnetwork-capital-portfolio",1
"defi,polkadot-ecosystem,bnb-chain",1
"petrock-capital-portfolio,okex-blockdream-ventures-portfolio",1
play-to-earn,1
storage,1
"platform,gaming,ethereum-ecosystem,solana-ecosystem,play-to-earn",1
"decentralized-exchange-dex-token,defi,amm,dex",1
"launchpad,bnb-chain",1
"collectibles-nfts,defi,interoperability,staking,dao,governance,metaverse,dao-maker",1
"defi,staking,yield-farming,launchpad,bnb-chain",1
"defi,dapp,governance",1
"collectibles-nfts,gaming,binance-smart-chain,binance-launchpad,solana-ecosystem,bnb-chain,move-to-earn",1
"polkadot-ecosystem,binance-launchpool,bnb-chain",1
"collectibles-nfts,defi,yield-farming,vbc-ventures-portfolio,bnb-chain",1
"gambling,arbitrum-ecosytem",1
"collectibles-nfts,gaming,polygon-ecosystem,play-to-earn,animoca-brands-portfolio",1
"launchpad,analytics,bnb-chain",1
"superstarter,bnb-chain",1
"fan-token,binance-launchpool",1
"marketplace,medium-of-exchange,vr-ar,collectibles-nfts,entertainment,music,ethereum-ecosystem,metaverse,polygon-ecosystem,bnb-chain",1
"marketplace,collectibles-nfts,launchpad",1
"heco-ecosystem,injective-ecosystem,bnb-chain",1
"gambling,ai-big-data,gaming,metaverse,polkastarter,play-to-earn,bnb-chain,move-to-earn",1
"gaming,dao,bnb-chain",1
"collectibles-nfts,gaming,metaverse,animoca-brands-portfolio",1
"polkafoundry-red-kite,bnb-chain",1
"collectibles-nfts,gaming,polkadot-ecosystem,metaverse,okex-blockdream-ventures-portfolio",1
"play-to-earn,bullperks-launchpad,okex-blockdream-ventures-portfolio",1
privacy,1
"smart-contracts,substrate,polkadot,polkadot-ecosystem,binance-labs-portfolio,arrington-xrp-capital-portfolio,injective-ecosystem",1
"collectibles-nfts,gaming,launchzone",1
zilliqa-ecosystem,1
"real-estate,vr-ar,collectibles-nfts,defi,entertainment,sharing-economy,staking,dao,yield-aggregator,governance,metaverse",1
"defi,substrate,polkadot,polkadot-ecosystem,arrington-xrp-capital-portfolio,spartan-group,injective-ecosystem",1
"marketplace,gaming,play-to-earn,okex-blockdream-ventures-portfolio,bnb-chain",1
"decentralized-exchange-dex-token,prediction-markets,dex,polkadot-ecosystem,polkafoundry-red-kite,icetea-labs",1
"platform,enterprise-solutions,alameda-research-portfolio,okex-blockdream-ventures-portfolio",1
"masternodes,play-to-earn,web3,bnb-chain",1
"collectibles-nfts,gaming,entertainment,ethereum-ecosystem,binance-launchpad,a16z-portfolio,polygon-ecosystem,skyvision-capital-portfolio",1
"dao,governance,dragonfly-capital-portfolio,fenbushi-capital-portfolio,pantera-capital-portfolio,spartan-group",1
"defi,oracles,arbitrum-ecosytem,cross-chain,bnb-chain",1
"collectibles-nfts,gaming,exnetwork-capital-portfolio,polkafoundry-red-kite,play-to-earn,icetea-labs,launchzone,bullperks-launchpad",1
"defi,launchpad,mvb,moonriver-ecosystem,bnb-chain",1
"binance-labs-portfolio,animoca-brands-portfolio,skyvision-capital-portfolio",1
"collectibles-nfts,gaming,ethereum-ecosystem,play-to-earn",1
"collectibles-nfts,gaming,play-to-earn,bnb-chain",1
"launchpad,metaverse,exnetwork-capital-portfolio",1
"collectibles-nfts,gaming,entertainment,dao,metaverse,a16z-portfolio,play-to-earn,animoca-brands-portfolio,gaming-guild,okex-blockdream-ventures-portfolio",1
"ethereum-ecosystem,launchpad,polygon-ecosystem",1
"wallet,binance-launchpad,solana-ecosystem,celo-ecosystem,spartan-group,injective-ecosystem,bnb-chain",1
polkastarter,1
"derivatives,prediction-markets",1
"collectibles-nfts,decentralized-exchange-dex-token,amm,dex,polkafoundry-red-kite,play-to-earn,icetea-labs,mvb,bnb-chain",1
"defi,arbitrum-ecosytem,spartan-group,okex-blockdream-ventures-portfolio",1
"crowdfunding,defi,binance-chain,launchpad,bnb-chain",1
"privacy,dao-maker,cross-chain",1
"binance-launchpad,alleged-sec-securities",1
